{
  "faster_whisper_tiny": {
    "method": "whisper_only",
    "threads": 6,
    "processing_time": 30.049087285995483,
    "resource_usage": {
      "avg_cpu_per_core": [
        47.62950819672131,
        48.321311475409836,
        51.25573770491803,
        72.3377049180328,
        58.252459016393445,
        48.40655737704918,
        53.2344262295082,
        53.10655737704918
      ],
      "max_cpu_per_core": [
        89.8,
        96.0,
        100.0,
        100.0,
        100.0,
        87.8,
        100.0,
        100.0
      ],
      "avg_memory": 15.01639344262295,
      "max_memory": 18.8,
      "total_cpu_cores": 8,
      "monitoring_duration": 30.047184944152832
    },
    "success": true,
    "segments": "<generator object WhisperModel.generate_segments at 0x2fcea0a0>"
  }
}