{
  "test_start_time": "2025-06-22T10:50:37.659475",
  "system_info": {
    "cpu_count": 8,
    "memory_total_gb": 15.617137908935547,
    "python_version": "3.12.3 (main, Jun 18 2025, 17:59:45) [GCC 13.3.0]"
  },
  "audio_files": {
    "mono": "audio_mono_arabic.mp3"
  },
  "results": {
    "mono": {
      "baseline_6_threads": {
        "method": "baseline_full_whisperx",
        "threads": 6,
        "processing_time": 133.30914855003357,
        "error": "DiarizationPipeline.__init__() got an unexpected keyword argument 'config'",
        "success": false,
        "resource_usage": {
          "avg_cpu_per_core": [
            93.68045112781955,
            15.411654135338345,
            14.436466165413533,
            20.571052631578947,
            54.38834586466165,
            15.025939849624061,
            22.419924812030075,
            19.688345864661656
          ],
          "max_cpu_per_core": [
            100.0,
            100.0,
            100.0,
            100.0,
            100.0,
            100.0,
            100.0,
            100.0
          ],
          "avg_memory": 18.293984962406014,
          "max_memory": 32.7,
          "total_cpu_cores": 8,
          "monitoring_duration": 132.80793476104736
        }
      },
      "thread_scaling": {
        "method": "thread_scaling",
        "results": {
          "1": {
            "processing_time": 25.743785858154297,
            "segments_count": 9,
            "resource_usage": {
              "avg_cpu_per_core": [
                41.448076923076925,
                24.573076923076922,
                45.11923076923077,
                27.809615384615384,
                33.93269230769231,
                2.675,
                56.00576923076923,
                24.040384615384614
              ],
              "max_cpu_per_core": [
                100.0,
                82.0,
                98.0,
                95.9,
                77.1,
                54.5,
                100.0,
                100.0
              ],
              "avg_memory": 10.428846153846154,
              "max_memory": 12.0,
              "total_cpu_cores": 8,
              "monitoring_duration": 25.523159980773926
            },
            "success": true
          },
          "2": {
            "processing_time": 25.28343415260315,
            "segments_count": 9,
            "resource_usage": {
              "avg_cpu_per_core": [
                12.156862745098039,
                5.705882352941177,
                42.15098039215686,
                28.35686274509804,
                39.811764705882354,
                45.42549019607843,
                48.05882352941177,
                32.833333333333336
              ],
              "max_cpu_per_core": [
                61.5,
                78.0,
                100.0,
                78.0,
                100.0,
                96.1,
                100.0,
                100.0
              ],
              "avg_memory": 11.445098039215686,
              "max_memory": 12.9,
              "total_cpu_cores": 8,
              "monitoring_duration": 25.02452063560486
            },
            "success": true
          },
          "4": {
            "processing_time": 24.984310388565063,
            "segments_count": 9,
            "resource_usage": {
              "avg_cpu_per_core": [
                34.504,
                16.887999999999998,
                28.956,
                35.438,
                31.016,
                41.818000000000005,
                29.468000000000004,
                36.974000000000004
              ],
              "max_cpu_per_core": [
                80.0,
                74.5,
                100.0,
                100.0,
                94.0,
                98.0,
                100.0,
                100.0
              ],
              "avg_memory": 11.856,
              "max_memory": 13.0,
              "total_cpu_cores": 8,
              "monitoring_duration": 24.52235770225525
            },
            "success": true
          },
          "6": {
            "processing_time": 24.886231899261475,
            "segments_count": 9,
            "resource_usage": {
              "avg_cpu_per_core": [
                22.608,
                29.098000000000003,
                37.186,
                26.468000000000004,
                39.974000000000004,
                38.284,
                34.708,
                31.624000000000002
              ],
              "max_cpu_per_core": [
                78.0,
                100.0,
                100.0,
                98.0,
                98.0,
                96.0,
                100.0,
                100.0
              ],
              "avg_memory": 11.594000000000001,
              "max_memory": 13.2,
              "total_cpu_cores": 8,
              "monitoring_duration": 24.522100925445557
            },
            "success": true
          }
        }
      }
    }
  },
  "test_end_time": "2025-06-22T10:54:32.574278"
}