{
  "vad": {
    "method": "test_vad",
    "threads": 6,
    "processing_time": 94.47123456001282,
    "speech_chunks_found": 107,
    "resource_usage": {
      "avg_cpu_per_core": [
        32.04468085106383,
        7.051595744680851,
        25.961170212765957,
        64.5468085106383,
        7.340425531914893,
        7.184042553191489,
        14.64840425531915,
        52.865425531914894
      ],
      "max_cpu_per_core": [
        100.0,
        100.0,
        100.0,
        100.0,
        100.0,
        100.0,
        100.0,
        100.0
      ],
      "avg_memory": 9.73723404255319,
      "max_memory": 14.2,
      "total_cpu_cores": 8,
      "monitoring_duration": 93.96963310241699
    },
    "success": true
  }
}