{
  "faster_whisper_tiny": {
    "method": "whisper_only",
    "threads": 6,
    "processing_time": 36.81475353240967,
    "resource_usage": {
      "avg_cpu_per_core": [
        48.7027027027027,
        49.891891891891895,
        53.71756756756756,
        49.25945945945946,
        55.06891891891892,
        54.979729729729726,
        50.07027027027027,
        72.6054054054054
      ],
      "max_cpu_per_core": [
        100.0,
        100.0,
        100.0,
        93.9,
        100.0,
        100.0,
        100.0,
        100.0
      ],
      "avg_memory": 15.195945945945946,
      "max_memory": 18.3,
      "total_cpu_cores": 8,
      "monitoring_duration": 36.538591623306274
    },
    "success": true,
    "segments": 