{
  "faster_whisper_tiny": {
    "method": "faster_whisper",
    "threads": 6,
    "processing_time": 39.43842530250549,
    "resource_usage": {
      "avg_cpu_per_core": [
        75.6620253164557,
        72.62405063291139,
        68.29367088607594,
        63.61645569620253,
        63.563291139240505,
        69.2253164556962,
        70.69367088607595,
        90.62405063291139
      ],
      "max_cpu_per_core": [
        100.0,
        100.0,
        100.0,
        100.0,
        96.0,
        100.0,
        96.0,
        100.0
      ],
      "avg_memory": 19.207594936708862,
      "max_memory": 25.3,
      "total_cpu_cores": 8,
      "monitoring_duration": 39.048076152801514
    },
    "success": true,
    "segments": []
  }
}