{
  "vad": {
    "method": "test_vad",
    "threads": 6,
    "processing_time": 117.55844402313232,
    "speech_chunks_found": 107,
    "resource_usage": {
      "avg_cpu_per_core": [
        6.197446808510639,
        5.9634042553191495,
        5.905957446808511,
        8.189787234042553,
        25.661702127659574,
        25.766382978723406,
        25.52723404255319,
        65.11872340425532
      ],
      "max_cpu_per_core": [
        100.0,
        100.0,
        100.0,
        100.0,
        100.0,
        100.0,
        100.0,
        100.0
      ],
      "avg_memory": 9.304680851063829,
      "max_memory": 14.0,
      "total_cpu_cores": 8,
      "monitoring_duration": 117.55765151977539
    },
    "success": true
  }
}