{
  "test_start_time": "2025-06-22T10:39:20.069119",
  "system_info": {
    "cpu_count": 8,
    "memory_total_gb": 15.617137908935547,
    "python_version": "3.12.3 (main, Jun 18 2025, 17:59:45) [GCC 13.3.0]"
  },
  "audio_files": {
    "mono": "audio_mono_arabic.mp3"
  },
  "results": {
    "mono": {
      "baseline_6_threads": {
        "method": "baseline_full_whisperx",
        "threads": 6,
        "processing_time": 153.98181700706482,
        "error": "DiarizationPipeline.__init__() got an unexpected keyword argument 'config'",
        "success": false,
        "resource_usage": {
          "avg_cpu_per_core": [
            92.45667752442996,
            90.9413680781759,
            93.12736156351791,
            98.34788273615635,
            91.29609120521174,
            92.3628664495114,
            92.48892508143322,
            91.15407166123778
          ],
          "max_cpu_per_core": [
            100.0,
            100.0,
            100.0,
            100.0,
            100.0,
            100.0,
            100.0,
            100.0
          ],
          "avg_memory": 31.124429967426714,
          "max_memory": 37.0,
          "total_cpu_cores": 8,
          "monitoring_duration": 153.47805404663086
        }
      },
      "baseline_1_thread": {
        "method": "baseline_full_whisperx",
        "threads": 1,
        "processing_time": 134.84428596496582,
        "error": "DiarizationPipeline.__init__() got an unexpected keyword argument 'config'",
        "success": false,
        "resource_usage": {
          "avg_cpu_per_core": [
            86.14423791821561,
            88.9721189591078,
            90.1910780669145,
            85.89368029739778,
            88.75092936802974,
            89.2,
            88.32565055762082,
            87.19814126394051
          ],
          "max_cpu_per_core": [
            100.0,
            100.0,
            100.0,
            100.0,
            100.0,
            100.0,
            100.0,
            100.0
          ],
          "avg_memory": 31.70446096654275,
          "max_memory": 42.5,
          "total_cpu_cores": 8,
          "monitoring_duration": 134.3387553691864
        }
      },
      "whisper_only": {
        "method": "whisper_only",
        "threads": 6,
        "processing_time": 36.71863508224487,
        "segments_count": 9,
        "speakers_detected": 2,
        "resource_usage": {
          "avg_cpu_per_core": [
            85.0,
            88.45,
            90.71486486486486,
            87.28783783783784,
            85.87027027027027,
            83.92162162162163,
            90.33783783783784,
            87.84729729729729
          ],
          "max_cpu_per_core": [
            100.0,
            100.0,
            100.0,
            100.0,
            100.0,
            100.0,
            100.0,
            100.0
          ],
          "avg_memory": 34.03918918918919,
          "max_memory": 39.2,
          "total_cpu_cores": 8,
          "monitoring_duration": 36.65821123123169
        },
        "success": true,
        "segments": [
          {
            "text": " كنت بعد نتفلزغي لي والواعي طبعي إنه في أكس رمل في Snipers. أنا بأوصول حتى أنت بها قناس. أنت بها قناس. انت بها قناس. انت بها قناس. انت بها قناس. انت بها قناس. انت بها قناس. انت بها قناس. انت بها قناس. انت بها قناس. انت بها قناس. انت بها قناس. انت بها قناس. انت بها قناس. انت بها قناس. انت بها قناس. انت بها قناس. انت بها قناس. انت بها قناس. انت بها قناس. انت بها قناس. انت بها قناس. انت بها قناس.",
            "start": 0.031,
            "end": 20.467,
            "speaker": "Speaker_1"
          },
          {
            "text": " أنا ولدت بمنطقة الجمعيزي ببيروت يليه يتحولت لحقا بال 1575 لا خطو التمس بعد كوان شخصيت بنتيجة أنه فتعت الحرب ولدك سنوات قليل قبل الحرب وبعدنا عشطاب تفاصيلة المؤلمة والموجع",
            "start": 22.07,
            "end": 44.193,
            "speaker": "Speaker_1"
          },
          {
            "text": " ولم أررت أدروس أهلاب بعضنا كان من الطبيعي أنه ميل نحو الأهلاب العالم سياسي لأنه ربيت العائلة بي وأخمت أفيد سواء كان عائلة من أم وثلاث فتايات كان من الطبيعي أنه تكلم على أنفسنا ما كيف مجال أقول أنه لا هذا الشغل ممكن يعمل الرجل ممكن تعالى الأمراء هلا مشكلة أنه بلبنين عن الكثير من الحرية والقليل من الدمقراتية",
            "start": 44.378,
            "end": 72.914,
            "speaker": "Speaker_1"
          }
        ]
      },
      "hybrid_pipeline": {
        "method": "hybrid_pipeline",
        "whisper_threads": 4,
        "diarize_threads": 2,
        "processing_time": 264.76012539863586,
        "whisper_time": 33.60567116737366,
        "diarize_time": 231.1544542312622,
        "segments_count": 9,
        "speakers_detected": 1,
        "resource_usage": {
          "avg_cpu_per_core": [
            76.46389413988658,
            91.9468809073724,
            93.79206049149339,
            85.82400756143667,
            90.53251417769376,
            71.68714555765595,
            89.75860113421551,
            70.99792060491494
          ],
          "max_cpu_per_core": [
            100.0,
            100.0,
            100.0,
            100.0,
            100.0,
            100.0,
            100.0,
            100.0
          ],
          "avg_memory": 35.373724007561435,
          "max_memory": 49.7,
          "total_cpu_cores": 8,
          "monitoring_duration": 264.7594544887543
        },
        "success": true,
        "segments": [
          {
            "text": " كنت بعد نتفلزغي لي والواعي طبعي إنه في أكس رمل في Snipers. أنا بأوصول حتى أنت بها قناس. أنت بها قناس. انت بها قناس. انت بها قناس. انت بها قناس. انت بها قناس. انت بها قناس. انت بها قناس. انت بها قناس. انت بها قناس. انت بها قناس. انت بها قناس. انت بها قناس. انت بها قناس. انت بها قناس. انت بها قناس. انت بها قناس. انت بها قناس. انت بها قناس. انت بها قناس. انت بها قناس. انت بها قناس. انت بها قناس.",
            "start": 0.031,
            "end": 20.467,
            "speaker": "Speaker_1"
          },
          {
            "text": " أنا ولدت بمنطقة الجمعيزي ببيروت يليه يتحولت لحقا بال 1575 لا خطو التمس بعد كوان شخصيت بنتيجة أنه فتعت الحرب ولدك سنوات قليل قبل الحرب وبعدنا عشطاب تفاصيلة المؤلمة والموجع",
            "start": 22.07,
            "end": 44.193,
            "speaker": "Speaker_1"
          },
          {
            "text": " ولم أررت أدروس أهلاب بعضنا كان من الطبيعي أنه ميل نحو الأهلاب العالم سياسي لأنه ربيت العائلة بي وأخمت أفيد سواء كان عائلة من أم وثلاث فتايات كان من الطبيعي أنه تكلم على أنفسنا ما كيف مجال أقول أنه لا هذا الشغل ممكن يعمل الرجل ممكن تعالى الأمراء هلا مشكلة أنه بلبنين عن الكثير من الحرية والقليل من الدمقراتية",
            "start": 44.378,
            "end": 72.914,
            "speaker": "Speaker_1"
          }
        ]
      },
      "thread_scaling": {
        "method": "thread_scaling",
        "results": {
          "1": {
            "processing_time": 25.693346977233887,
            "segments_count": 9,
            "resource_usage": {
              "avg_cpu_per_core": [
                70.95,
                62.30769230769231,
                48.575,
                60.79038461538461,
                63.52307692307692,
                57.01538461538462,
                67.03461538461539,
                57.43846153846154
              ],
              "max_cpu_per_core": [
                100.0,
                100.0,
                98.0,
                100.0,
                100.0,
                100.0,
                100.0,
                100.0
              ],
              "avg_memory": 24.263461538461538,
              "max_memory": 27.2,
              "total_cpu_cores": 8,
              "monitoring_duration": 25.67856192588806
            },
            "success": true
          },
          "2": {
            "processing_time": 26.284636735916138,
            "segments_count": 9,