{
  "faster_whisper_tiny": {
    "method": "whisper_only",
    "threads": 6,
    "processing_time": 39.0959370136261,
    "resource_usage": {
      "avg_cpu_per_core": [
        64.99367088607595,
        61.01139240506328,
        64.13417721518988,
        66.35696202531645,
        69.08607594936709,
        73.65189873417721,
        98.30379746835443,
        68.68101265822786
      ],
      "max_cpu_per_core": [
        100.0,
        94.1,
        93.9,
        89.6,
        100.0,
        98.0,
        100.0,
        98.0
      ],
      "avg_memory": 18.940506329113923,
      "max_memory": 24.8,
      "total_cpu_cores": 8,
      "monitoring_duration": 39.09402322769165
    },
    "success": true,
    "segments": 