{
  "faster_whisper_tiny": {
    "method": "whisper_only",
    "threads": 6,
    "processing_time": 47.020156383514404,
    "resource_usage": {
      "avg_cpu_per_core": [
        69.58297872340425,
        73.80851063829788,
        77.51595744680851,
        67.19893617021276,
        68.50212765957447,
        71.46808510638297,
        76.05425531914894,
        75.82234042553192
      ],
      "max_cpu_per_core": [
        100.0,
        100.0,
        100.0,
        100.0,
        100.0,
        100.0,
        100.0,
        100.0
      ],
      "avg_memory": 18.906382978723403,
      "max_memory": 24.6,
      "total_cpu_cores": 8,
      "monitoring_duration": 46.57232594490051
    },
    "success": true,
    "segments": 