{
  "faster_whisper_tiny": {
    "method": "whisper_only",
    "threads": 6,
    "processing_time": 29.18158984184265,
    "resource_usage": {
      "avg_cpu_per_core": [
        92.85932203389831,
        73.18305084745764,
        71.60847457627118,
        72.39322033898304,
        70.70847457627119,
        69.33220338983051,
        61.49152542372882,
        72.02542372881356
      ],
      "max_cpu_per_core": [
        100.0,
        100.0,
        98.0,
        100.0,
        100.0,
        100.0,
        98.0,
        93.9
      ],
      "avg_memory": 18.72542372881356,
      "max_memory": 25.0,
      "total_cpu_cores": 8,
      "monitoring_duration": 29.03471827507019
    },
    "success": true,
    "segments": 